sample1,sample2
58.12172682,55.12172682
46.94121793,46.94121793
47.35914124,42.35914124
44.63515689,41.63515689
54.32703815,51.32703815
38.49230652,39.49230652
58.72405882,59.72405882
46.1939655,49.1939655
51.59519548,55.59519548
48.75314812,49.75314812
57.31053969,59.31053969
39.69929645,38.69929645
48.38791398,43.38791398
48.07972823,44.07972823
55.66884721,56.66884721
44.50054366,47.50054366
49.13785896,46.13785896
45.61070791,46.61070791
50.21106873,51.21106873